[
    {
        "name": "id",
        "dbType": "id",
        "htmlType": "",
        "validations": null,
        "searchable": false,
        "fillable": false,
        "primary": true,
        "inForm": false,
        "inIndex": false,
        "inView": false
    },
    {
        "name": "title",
        "dbType": "text:nullable",
        "htmlType": "text",
        "validations": "nullable",
        "searchable": true,
        "fillable": true,
        "primary": false,
        "inForm": true,
        "inIndex": true,
        "inView": true
    },
    {
        "name": "question_type",
        "dbType": "string:nullable",
        "htmlType": "text",
        "validations": "",
        "searchable": true,
        "fillable": true,
        "primary": false,
        "inForm": true,
        "inIndex": true,
        "inView": true
    },
    {
        "name": "answer_two_gap_match",
        "dbType": "string:nullable",
        "htmlType": "text",
        "validations": "",
        "searchable": true,
        "fillable": true,
        "primary": false,
        "inForm": true,
        "inIndex": true,
        "inView": true
    },
    {
        "name": "answer_view_format",
        "dbType": "string:nullable",
        "htmlType": "select:Text:text,Image:image,Text with image:text_image",
        "validations": "in:1,2",
        "searchable": true,
        "fillable": true,
        "primary": false,
        "inForm": true,
        "inIndex": true,
        "inView": true
    },
    {
        "name": "answer_order",
        "dbType": "integer:nullable",
        "htmlType": "text",
        "validations": "",
        "searchable": true,
        "fillable": true,
        "primary": false,
        "inForm": true,
        "inIndex": true,
        "inView": true
    },
    {
        "name": "answer_settings",
        "dbType": "text:nullable",
        "htmlType": "text",
        "validations": "",
        "searchable": true,
        "fillable": true,
        "primary": false,
        "inForm": false,
        "inIndex": false,
        "inView": false
    },


    {
        "name": "photo",
        "dbType": "string:default,'images/answers/avatar.png'",
        "htmlType": "file",
        "validations": "",
        "searchable": true,
        "fillable": true,
        "primary": false,
        "inForm": true,
        "inIndex": true,
        "inView": true
    },





    {
        "name": "question_id",
        "dbType": "bigInteger:unsigned:foreign,questions,id",
        "htmlType": "selectTable:questions,id,name",
        "validations": "required|exists:question_id,id",
        "searchable": true,
        "fillable": true,
        "primary": false,
        "inForm": false,
        "inIndex": true,
        "inView": true,
        "relation": "mt1,Question,question_id,id"
    },



    {
        "name": "is_correct",
        "dbType": "boolean:nullable",
        "htmlType": "toggle-switch",
        "validations": "",
        "searchable": true,
        "fillable": true,
        "primary": false,
        "inForm": true,
        "inIndex": true,
        "inView": true
    },

    {
        "name": "created_at",
        "dbType": "timestamp",
        "htmlType": null,
        "validations": null,
        "searchable": false,
        "fillable": false,
        "primary": false,
        "inForm": false,
        "inIndex": false,
        "inView": true
    },
    {
        "name": "updated_at",
        "dbType": "timestamp",
        "htmlType": null,
        "validations": null,
        "searchable": false,
        "fillable": false,
        "primary": false,
        "inForm": false,
        "inIndex": false,
        "inView": true
    }

]
