[
    {
        "name": "id",
        "dbType": "id",
        "htmlType": null,
        "validations": null,
        "searchable": false,
        "fillable": false,
        "primary": true,
        "inForm": false,
        "inIndex": false,
        "inView": false
    },
    {
        "name": "title",
        "dbType": "text:nullable",
        "htmlType": "text",
        "validations": "nullable",
        "searchable": true,
        "fillable": true,
        "primary": false,
        "inForm": true,
        "inIndex": true,
        "inView": true
    },
    {
        "name": "code",
        "dbType": "text:nullable",
        "htmlType": "text",
        "validations": "nullable",
        "searchable": true,
        "fillable": true,
        "primary": false,
        "inForm": true,
        "inIndex": true,
        "inView": true
    },
    {
        "name": "value",
        "dbType": "text:nullable",
        "htmlType": "text",
        "validations": "nullable",
        "searchable": true,
        "fillable": true,
        "primary": false,
        "inForm": true,
        "inIndex": true,
        "inView": true
    },
    {
        "name": "student_id",
        "dbType": "bigInteger:nullable:unsigned:foreign,students,id",
        "htmlType": "text",
        "validations": "required|exists:student_id,id",
        "searchable": true,
        "fillable": true,
        "primary": false,
        "inForm": false,
        "inIndex": true,
        "inView": true,
        "relation": "mt1,Student,student_id,id"
    },




    {
        "name": "is_active",
        "dbType": "boolean:default,true",
        "htmlType": "toggle-switch",
        "validations": "",
        "searchable": true,
        "fillable": true,
        "primary": false,
        "inForm": false,
        "inIndex": true,
        "inView": true
    },
    {
        "name": "created_at",
        "dbType": "timestamp",
        "htmlType": "",
        "validations": "",
        "searchable": false,
        "fillable": false,
        "primary": false,
        "inForm": false,
        "inIndex": false,
        "inView": true
    },
    {
        "name": "updated_at",
        "dbType": "timestamp",
        "htmlType": "",
        "validations": "",
        "searchable": false,
        "fillable": false,
        "primary": false,
        "inForm": false,
        "inIndex": false,
        "inView": true
    }
]
