[
    {
        "name": "id",
        "dbType": "id",
        "htmlType": "",
        "validations": null,
        "searchable": false,
        "fillable": false,
        "primary": true,
        "inForm": false,
        "inIndex": false,
        "inView": false
    },
    {
        "name": "name",
        "dbType": "text:nullable",
        "htmlType": "text",
        "validations": "nullable",
        "searchable": true,
        "fillable": true,
        "primary": false,
        "inForm": true,
        "inIndex": true,
        "inView": true
    },

    {
        "name": "description",
        "dbType": "text:nullable",
        "htmlType": "text",
        "validations": "nullable",
        "searchable": true,
        "fillable": true,
        "primary": false,
        "inForm": true,
        "inIndex": false,
        "inView": true
    },
    {
        "name": "photo",
        "dbType": "string:default,'images/lessons/avatar.png'",
        "htmlType": "file",
        "validations": "",
        "searchable": true,
        "fillable": true,
        "primary": false,
        "inForm": true,
        "inIndex": true,
        "inView": true
    },

    {
        "name": "unit_id",
        "dbType": "bigInteger:unsigned:foreign,units,id,cascade",
        "htmlType": "text",
        "validations": "required|exists:unit_id,id",
        "searchable": true,
        "fillable": true,
        "primary": false,
        "inForm": false,
        "inIndex": true,
        "inView": true,
        "relation": "mt1,Unit,unit_id,id"
    },
    {
        "name": "is_active",
        "dbType": "boolean:default,true",
        "htmlType": "toggle-switch",
        "validations": "",
        "searchable": true,
        "fillable": true,
        "primary": false,
        "inForm": true,
        "inIndex": true,
        "inView": true
    },

    {
        "name": "created_at",
        "dbType": "timestamp",
        "htmlType": null,
        "validations": null,
        "searchable": false,
        "fillable": false,
        "primary": false,
        "inForm": false,
        "inIndex": false,
        "inView": true
    },
    {
        "name": "updated_at",
        "dbType": "timestamp",
        "htmlType": null,
        "validations": null,
        "searchable": false,
        "fillable": false,
        "primary": false,
        "inForm": false,
        "inIndex": false,
        "inView": true
    }

]
