[
    {
        "name": "id",
        "dbType": "id",
        "htmlType": "",
        "validations": null,
        "searchable": false,
        "fillable": false,
        "primary": true,
        "inForm": false,
        "inIndex": false,
        "inView": false
    },
    {
        "name": "name",
        "dbType": "text:nullable",
        "htmlType": "text",
        "validations": "nullable",
        "searchable": true,
        "fillable": true,
        "primary": false,
        "inForm": true,
        "inIndex": true,
        "inView": true
    },
    {
        "name": "type",
        "dbType": "string:nullable",
        "htmlType": "text",
        "validations": "",
        "searchable": true,
        "fillable": true,
        "primary": false,
        "inForm": true,
        "inIndex": true,
        "inView": true
    },

    {
        "name": "description",
        "dbType": "text:nullable",
        "htmlType": "text",
        "validations": "nullable",
        "searchable": true,
        "fillable": true,
        "primary": false,
        "inForm": true,
        "inIndex": false,
        "inView": true
    },
    {
        "name": "photo",
        "dbType": "string:default,'images/questions/avatar.png'",
        "htmlType": "file",
        "validations": "",
        "searchable": true,
        "fillable": true,
        "primary": false,
        "inForm": true,
        "inIndex": true,
        "inView": true
    },
    {
        "name": "file",
        "dbType": "string:nullable",
        "htmlType": "file",
        "validations": "",
        "searchable": true,
        "fillable": true,
        "primary": false,
        "inForm": true,
        "inIndex": true,
        "inView": true
    },
    {
        "name": "semester",
        "dbType": "string:nullable",
        "htmlType": "select:First:1,Second:2",
        "validations": "in:1,2",
        "searchable": true,
        "fillable": true,
        "primary": false,
        "inForm": true,
        "inIndex": true,
        "inView": true
    },

    {
        "name": "points",
        "dbType": "decimal,8,2:unsigned:default,0",
        "htmlType": "number",
        "validations": "min:0",
        "searchable": true,
        "fillable": true,
        "primary": false,
        "inForm": true,
        "inIndex": true,
        "inView": true
    },
    {
        "name": "time",
        "dbType": "string:nullable",
        "htmlType": "text",
        "validations": "",
        "searchable": true,
        "fillable": true,
        "primary": false,
        "inForm": true,
        "inIndex": true,
        "inView": true
    },


    {
        "name": "lesson_id",
        "dbType": "bigInteger:unsigned:foreign,lessons,id",
        "htmlType": "text",
        "validations": "required|exists:lesson_id,id",
        "searchable": true,
        "fillable": true,
        "primary": false,
        "inForm": false,
        "inIndex": true,
        "inView": true,
        "relation": "mt1,Lesson,lesson_id,id"
    },
    {
        "name": "academic_year_id",
        "dbType": "bigInteger:unsigned:foreign,academic_years,id,cascade",
        "htmlType": "text",
        "validations": "required|exists:academic_year_id,id",
        "searchable": true,
        "fillable": true,
        "primary": false,
        "inForm": false,
        "inIndex": true,
        "inView": true,
        "relation": "mt1,AcademicYear,academic_year_id,id"
    },


    {
        "name": "is_active",
        "dbType": "boolean:default,true",
        "htmlType": "toggle-switch",
        "validations": "",
        "searchable": true,
        "fillable": true,
        "primary": false,
        "inForm": true,
        "inIndex": true,
        "inView": true
    },

    {
        "name": "created_at",
        "dbType": "timestamp",
        "htmlType": null,
        "validations": null,
        "searchable": false,
        "fillable": false,
        "primary": false,
        "inForm": false,
        "inIndex": false,
        "inView": true
    },
    {
        "name": "updated_at",
        "dbType": "timestamp",
        "htmlType": null,
        "validations": null,
        "searchable": false,
        "fillable": false,
        "primary": false,
        "inForm": false,
        "inIndex": false,
        "inView": true
    }

]
