[
    {
        "name": "id",
        "dbType": "id",
        "htmlType": "",
        "validations": null,
        "searchable": false,
        "fillable": false,
        "primary": true,
        "inForm": false,
        "inIndex": false,
        "inView": false
    },
    {
        "name": "name",
        "dbType": "text:nullable",
        "htmlType": "text",
        "validations": "nullable",
        "searchable": true,
        "fillable": true,
        "primary": false,
        "inForm": true,
        "inIndex": true,
        "inView": true
    },

    {
        "name": "latitude",
        "dbType": "string:nullable",
        "htmlType": "text",
        "validations": "numeric",
        "searchable": true,
        "fillable": true,
        "primary": false,
        "inForm": true,
        "inIndex": true,
        "inView": true
    },
    {
        "name": "longitude",
        "dbType": "string:nullable",
        "htmlType": "text",
        "validations": "numeric",
        "searchable": true,
        "fillable": true,
        "primary": false,
        "inForm": true,
        "inIndex": true,
        "inView": true
    },



    {
        "name": "cost",
        "dbType": "text:nullable",
        "htmlType": "text",
        "validations": "nullable",
        "searchable": true,
        "fillable": true,
        "primary": false,
        "inForm": true,
        "inIndex": true,
        "inView": true
    },
    {
        "name": "cost_description",
        "dbType": "text:nullable",
        "htmlType": "text",
        "validations": "nullable",
        "searchable": true,
        "fillable": true,
        "primary": false,
        "inForm": true,
        "inIndex": true,
        "inView": true
    },


    {
        "name": "manufacturer",
        "dbType": "text:nullable",
        "htmlType": "text",
        "validations": "nullable",
        "searchable": true,
        "fillable": true,
        "primary": false,
        "inForm": true,
        "inIndex": true,
        "inView": true
    },
    {
        "name": "model",
        "dbType": "text:nullable",
        "htmlType": "text",
        "validations": "nullable",
        "searchable": true,
        "fillable": true,
        "primary": false,
        "inForm": true,
        "inIndex": true,
        "inView": true
    },
    {
        "name": "pwps_version",
        "dbType": "string:nullable",
        "htmlType": "text",
        "validations": "nullable",
        "searchable": true,
        "fillable": true,
        "primary": false,
        "inForm": true,
        "inIndex": true,
        "inView": true
    },
    {
        "name": "qr_enabled",
        "dbType": "boolean:default,0",
        "htmlType": "toggle-switch",
        "validations": "nullable",
        "searchable": true,
        "fillable": true,
        "primary": false,
        "inForm": true,
        "inIndex": true,
        "inView": true
    },
    {
        "name": "outlets",
        "dbType": "text:nullable",
        "htmlType": "text",
        "validations": "nullable",
        "searchable": true,
        "fillable": true,
        "primary": false,
        "inForm": true,
        "inIndex": true,
        "inView": true
    },



    {
        "name": "hours",
        "dbType": "string:nullable",
        "htmlType": "text",
        "validations": "nullable",
        "searchable": true,
        "fillable": true,
        "primary": false,
        "inForm": true,
        "inIndex": true,
        "inView": true
    },
    {
        "name": "pre_charge_instructions",
        "dbType": "text:nullable",
        "htmlType": "text",
        "validations": "nullable",
        "searchable": true,
        "fillable": true,
        "primary": false,
        "inForm": true,
        "inIndex": true,
        "inView": true
    },

    {
        "name": "available",
        "dbType": "string:nullable",
        "htmlType": "select:Unknown:0,Available:1,In Use:2,Offline:3,Under Repair:4",
        "validations": "nullable",
        "searchable": true,
        "fillable": true,
        "primary": false,
        "inForm": true,
        "inIndex": true,
        "inView": true
    },
    {
        "name": "location_id",
        "dbType": "bigInteger:unsigned:foreign,locations,id",
        "htmlType": "text",
        "validations": "required|exists:location_id,id",
        "searchable": true,
        "fillable": true,
        "primary": false,
        "inForm": false,
        "inIndex": true,
        "inView": true,
        "relation": "mt1,Location,location_id,id"
    },

    {
        "name": "created_at",
        "dbType": "timestamp",
        "htmlType": null,
        "validations": null,
        "searchable": false,
        "fillable": false,
        "primary": false,
        "inForm": false,
        "inIndex": false,
        "inView": true
    },
    {
        "name": "updated_at",
        "dbType": "timestamp",
        "htmlType": null,
        "validations": null,
        "searchable": false,
        "fillable": false,
        "primary": false,
        "inForm": false,
        "inIndex": false,
        "inView": true
    },
    {
        "name": "plugshare_location_id",
        "dbType": "unsignedBigInteger:nullable",
        "htmlType": "text",
        "validations": "nullable",
        "searchable": true,
        "fillable": true,
        "primary": false,
        "inForm": true,
        "inIndex": true,
        "inView": true
    },
    {
        "name": "plugshare_station_id",
        "dbType": "unsignedBigInteger:nullable",
        "htmlType": "text",
        "validations": "nullable",
        "searchable": true,
        "fillable": true,
        "primary": false,
        "inForm": true,
        "inIndex": true,
        "inView": true
    }

]
